RHS 50 x 30 x 2.9,50,30,2.9,3.31,4.21,13.2,5.80,5.29,3.87
RHS 50 x 30 x 3.0,50,30,3.0,3.41,4.34,13.6,5.94,5.43,3.96
RHS 50 x 30 x 3.2,50,30,3.2,3.61,4.60,14.2,6.20,5.68,4.13
RHS 50 x 30 x 3.6,50,30,3.6,4.01,5.10,15.4,6.67,6.16,4.45
RHS 50 x 30 x 4.0,50,30,4.0,4.39,5.59,16.5,7.08,6.60,4.72
RHS 50 x 30 x 5.0,50,30,5.0,5.28,6.73,18.7,7.89,7.49,5.26
RHS 50 x 30 x 5.6,50,30,5.6,5.78,7.37,19.7,8.23,7.89,5.48
RHS 50 x 30 x 6.3,50,30,6.3,6.33,8.07,20.6,8.50,8.26,5.66
RHS 60 x 40 x 2.9,60,40,2.9,4.22,5.37,25.8,13.5,8.59,6.77
RHS 60 x 40 x 3.0,60,40,3.0,4.35,5.54,26.5,13.9,8.82,6.95
RHS 60 x 40 x 3.2,60,40,3.2,4.62,5.88,27.8,14.6,9.27,7.29
RHS 60 x 40 x 3.6,60,40,3.6,5.14,6.54,30.4,15.9,10.1,7.93
RHS 60 x 40 x 4.0,60,40,4.0,5.64,7.19,32.8,17.0,10.9,8.52
RHS 60 x 40 x 5.0,60,40,5.0,6.85,8.73,38.1,19.5,12.7,9.77
RHS 60 x 40 x 5.6,60,40,5.6,7.54,9.61,40.7,20.7,13.6,10.4
RHS 60 x 40 x 6.3,60,40,6.3,8.31,10.6,43.4,21.9,14.5,11.0
RHS 60 x 40 x 7.1,60,40,7.1,9.14,11.6,45.9,22.9,15.3,11.5
RHS 60 x 40 x 8.0,60,40,8.0,10.0,12.8,47.9,23.7,16.0,11.9
RHS 80 x 40 x 2.9,80,40,2.9,5.13,6.53,52.7,17.5,13.2,8.77
RHS 80 x 40 x 3.0,80,40,3.0,5.29,6.74,54.2,18.0,13.6,9.00
RHS 80 x 40 x 3.2,80,40,3.2,5.62,7.16,57.2,18.9,14.3,9.46
RHS 80 x 40 x 3.6,80,40,3.6,6.27,7.98,62.8,20.6,15.7,10.3
RHS 80 x 40 x 4.0,80,40,4.0,6.90,8.79,68.2,22.2,17.1,11.1
RHS 80 x 40 x 5.0,80,40,5.0,8.42,10.7,80.3,25.7,20.1,12.9
RHS 80 x 40 x 5.6,80,40,5.6,9.30,11.8,86.7,27.4,21.7,13.7
RHS 80 x 40 x 6.3,80,40,6.3,10.3,13.1,93.3,29.2,23.3,14.6
RHS 80 x 40 x 7.1,80,40,7.1,11.4,14.5,99.8,30.7,25.0,15.4
RHS 80 x 40 x 8.0,80,40,8.0,12.5,16.0,106,32.1,26.5,16.1
RHS 90 x 50 x 3.0 ,90,50,3.0,6.24,7.94,84.4,33.5,18.8,13.4
RHS 90 x 50 x 3.2,90,50,3.2,6.63,8.44,89.1,35.3,19.8,14.1
RHS 90 x 50 x 3.6,90,50,3.6,7.40,9.42,98.3,38.7,21.8,15.5
RHS 90 x 50 x 4.0,90,50,4.0,8.15,10.4,107,41.9,23.8,16.8
RHS 90 x 50 x 5.0,90,50,5.0,9.99,12.7,127,49.2,28.3,19.7
RHS 90 x 50 x 5.6,90,50,5.6,11.1,14.1,138,53.0,30.7,21.2
RHS 90 x 50 x 6.3,90,50,6.3,12.3,15.6,150,57.0,33.3,22.8
RHS 90 x 50 x 7.1,90,50,7.1,13.6,17.3,162,60.9,36.0,24.4
RHS 90 x 50 x 8.0,90,50,8.0,15.0,19.2,174,64.6,38.6,25.8
RHS 90 x 50 x 8.8,90,50,8.8,16.3,20.7,183,67.2,40.6,26.9
RHS 100 x 50 x 3.2,100,50,3.2,7.13,9.08,116,38.8,23.2,15.5
RHS 100 x 50 x 3.6,100,50,3.6,7.96,10.1,128,42.6,25.6,17.0
RHS 100 x 50 x 4.0,100,50,4.0,8.78,11.2,140,46.2,27.9,18.5
RHS 100 x 50 x 5.0,100,50,5.0,10.8,13.7,167,54.3,33.3,21.7
RHS 100 x 50 x 5.6,100,50,5.6,11.9,15.2,181,58.6,36.2,23.4
RHS 100 x 50 x 6.3,100,50,6.3,13.3,16.9,197,63.0,39.4,25.2
RHS 100 x 50 x 7.1,100,50,7.1,14.7,18.7,214,67.5,42.7,27.0
RHS 100 x 50 x 8.0,100,50,8.0,16.3,20.8,230,71.7,46.0,28.7
RHS 100 x 50 x 8.8,100,50,8.8,17.6,22.5,243,74.8,48.5,29.9
RHS 100 x 50 x 10.0,100,50,10.0,19.6,24.9,259,78.4,51.8,31.4
RHS 100 x 60 x 3.2,100,60,3.2,7.63,9.72,131,58.8,26.2,19.6
RHS 100 x 60 x 3.6,100,60,3.6,8.53,10.9,145,64.8,28.9,21.6
RHS 100 x 60 x 4.0,100,60,4.0,9.41,12.0,158,70.5,31.6,23.5
RHS 100 x 60 x 5.0,100,60,5.0,11.6,14.7,189,83.6,37.8,27.9
RHS 100 x 60 x 5.6,100,60,5.6,12.8,16.3,206,90.6,41.2,30.2
RHS 100 x 60 x 6.3,100,60,6.3,14.2,18.1,225,98.1,45.0,32.7
RHS 100 x 60 x 7.1,100,60,7.1,15.8,20.2,244,106,48.8,35.3
RHS 100 x 60 x 8.0,100,60,8.0,17.5,22.4,264,113,52.8,37.8
RHS 100 x 60 x 8.8,100,60,8.8,19.0,24.2,279,119,55.9,39.7
RHS 100 x 60 x 10.0,100,60,10.0,21.1,26.9,299,126,59.9,42.1
RHS 120 x 60 x 3.6,120,60,3.6,9.66,12.3,227,76.3,37.9,25.4
RHS 120 x 60 x 4.0,120,60,4.0,10.7,13.6,249,83.1,41.5,27.7
RHS 120 x 60 x 5.0,120,60,5.0,13.1,16.7,299,98.8,49.9,32.9
RHS 120 x 60 x 5.6,120,60,5.6,14.6,18.6,327,107,54.6,35.8
RHS 120 x 60 x 6.3,120,60,6.3,16.2,20.7,358,116,59.7,38.8
RHS 120 x 60 x 7.1,120,60,7.1,18.1,23.0,391,126,65.2,41.9
RHS 120 x 60 x 8.0,120,60,8.0,20.1,25.6,425,135,70.8,45.0
RHS 120 x 60 x 8.8,120,60,8.8,21.8,27.8,452,142,75.3,47.5
RHS 120 x 60 x 10.0,120,60,10.0,24.3,30.9,488,152,81.4,50.5
RHS 120 x 80 x 3.6,120,80,3.6,10.8,13.7,276,147,46.0,36.7
RHS 120 x 80 x 4.0,120,80,4.0,11.9,15.2,303,161,50.4,40.2
RHS 120 x 80 x 5.0,120,80,5.0,14.7,18.7,365,193,60.9,48.2
RHS 120 x 80 x 5.6,120,80,5.6,16.3,20.8,401,211,66.8,52.7
RHS 120 x 80 x 6.3,120,80,6.3,18.2,23.2,440,230,73.3,57.6
RHS 120 x 80 x 7.1,120,80,7.1,20.3,25.8,482,251,80.3,62.8
RHS 120 x 80 x 8.0,120,80,8.0,22.6,28.8,525,273,87.5,68.1
RHS 120 x 80 x 8.8,120,80,8.8,24.5,31.3,561,290,93.5,72.4
RHS 120 x 80 x 10.0,120,80,10.0,27.4,34.9,609,313,102,78.1
RHS 150 x 100 x 4.0,150,100,4.0,15.1,19.2,607,324,81.0,64.8
RHS 150 x 100 x 5.0,150,100,5.0,18.6,23.7,739,392,98.5,78.5
RHS 150 x 100 x 5.6,150,100,5.6,20.7,26.4,814,431,109,86.2
RHS 150 x 100 x 6.3,150,100,6.3,23.1,29.5,898,474,120,94.8
RHS 150 x 100 x 7.1,150,100,7.1,25.9,32.9,990,520,132,104
RHS 150 x 100 x 8.0,150,100,8.0,28.9,36.8,1090,569,145,114
RHS 150 x 100 x 8.8,150,100,8.8,31.5,40.1,1170,610,156,122
RHS 150 x 100 x 10.0,150,100,10.0,35.3,44.9,1280,665,171,133
RHS 150 x 100 x 11.0,150,100,11.0,38.4,48.9,1370,707,183,141
RHS 150 x 100 x 12.5,150,100,12.5,42.8,54.6,1490,763,198,153
RHS 160 x 80 x 4.0,160,80,4.0,14.4,18.4,612,207,76.5,51.7
RHS 160 x 80 x 5.0,160,80,5.0,17.8,22.7,744,249,93.0,62.3
RHS 160 x 80 x 5.6,160,80,5.6,19.9,25.3,819,273,102,68.2
RHS 160 x 80 x 6.3,160,80,6.3,22.2,28.2,903,299,113,74.8
RHS 160 x 80 x 7.1,160,80,7.1,24.7,31.5,994,327,124,81.7
RHS 160 x 80 x 8.0,160,80,8.0,27.6,35.2,1090,356,136,89.0
RHS 160 x 80 x 8.8,160,80,8.8,30.1,38.3,1170,379,147,94.9
RHS 160 x 80 x 10.0,160,80,10.0,33.7,42.9,1280,411,161,103
RHS 160 x 80 x 11.0,160,80,11.0,36.6,46.7,1370,435,171,109
RHS 160 x 80 x 12.5,160,80,12.5,40.9,52.1,1480,465,186,116
RHS 180 x 60 x 4.0,180,60,4.0,14.4,18.4,697,121,77.4,40.3
RHS 180 x 60 x 5.0,180,60,5.0,17.8,22.7,846,144,94.0,48.1
RHS 180 x 60 x 5.6,180,60,5.6,19.9,25.3,932,157,104,52.4
RHS 180 x 60 x 6.3,180,60,6.3,22.2,28.2,1030,171,114,57.0
RHS 180 x 60 x 7.1,180,60,7.1,24.7,31.5,1130,186,126,61.9
RHS 180 x 60 x 8.0,180,60,8.0,27.6,35.2,1240,201,138,66.9
RHS 180 x 60 x 8.8,180,60,8.8,30.1,38.3,1330,212,148,70.8
RHS 180 x 60 x 10.0,180,60,10.0,33.7,42.9,1460,228,162,75.8
RHS 180 x 60 x 11.0,180,60,11.0,36.6,46.7,1550,238,173,79.4
RHS 180 x 60 x 12.5,180,60,12.5,40.9,52.1,1680,251,187,83.7
RHS 180 x 100 x 4.0,180,100,4.0,16.9,21.6,945,379,105,75.9
RHS 180 x 100 x 5.0,180,100,5.0,21.0,26.7,1150,460,128,92.0
RHS 180 x 100 x 5.6,180,100,5.6,23.4,29.8,1270,506,141,101
RHS 180 x 100 x 6.3,180,100,6.3,26.1,33.3,1410,557,156,111
RHS 180 x 100 x 7.1,180,100,7.1,29.2,37.2,1560,613,173,123
RHS 180 x 100 x 8.0,180,100,8.0,32.6,41.6,1710,671,190,134
RHS 180 x 100 x 8.8,180,100,8.8,35.6,45.4,1850,720,205,144
RHS 180 x 100 x 10.0,180,100,10.0,40.0,50.9,2040,787,226,157
RHS 180 x 100 x 11.0,180,100,11.0,43.5,55.5,2180,839,243,168
RHS 180 x 100 x 12.5,180,100,12.5,48.7,62.1,2380,908,265,182
RHS 180 x 100 x 14.2,180,100,14.2,54.4,69.3,2590,974,288,195
RHS 200 x 100 x 4.0,200,180,4.0,18.2,23.2,1220,416,122,83.2
RHS 200 x 100 x 5.0,200,180,5.0,22.6,28.7,1500,505,149,101
RHS 200 x 100 x 5.6,200,180,5.6,25.1,32.0,1650,556,165,111
RHS 200 x 100 x 6.3,200,180,6.3,28.1,35.8,1830,613,183,123
RHS 200 x 100 x 7.1,200,180,7.1,31.4,40.0,2020,674,202,135
RHS 200 x 100 x 8.0,200,180,8.0,35.1,44.8,2230,739,223,148
RHS 200 x 100 x 8.8,200,180,8.8,38.4,48.9,2410,793,241,159
RHS 200 x 100 x 10.0,200,180,10.0,43.1,54.9,2660,869,266,174
RHS 200 x 100 x 11.0,200,180,11.0,47.0,59.9,2860,926,286,185
RHS 200 x 100 x 12.5,200,180,12.5,52.7,67.1,3140,1000,314,201
RHS 200 x 100 x 14.2,200,180,14.2,58.9,75.0,3420,1080,342,216
RHS 200 x 100 x 16.0,200,180,16.0,65.2,83.0,3680,1150,368,229
RHS 200 x 120 x 5.0,200,120,5.0,24.1,30.7,1680,762,168,127
RHS 200 x 120 x 5.6,200,120,5.6,26.9,34.2,1860,841,186,140
RHS 200 x 120 x 6.3,200,120,6.3,30.1,38.3,2060,929,207,155
RHS 200 x 120 x 7.1,200,120,7.1,33.7,42.9,2290,1020,229,171
RHS 200 x 120 x 8.0,200,120,8.0,37.6,48.0,2530,1130,253,188
RHS 200 x 120 x 8.8,200,120,8.8,41.1,52.4,2730,1220,273,203
RHS 200 x 120 x 10.0,200,120,10.0,46.3,58.9,3030,1340,303,223
RHS 200 x 120 x 11.0,200,120,11.0,50.4,64.3,3260,1430,326,239
RHS 200 x 120 x 12.5,200,120,12.5,56.6,72.1,3580,1560,358,260
RHS 200 x 120 x 14.2,200,120,14.2,63.3,80.7,3910,1690,391,282
RHS 200 x 120 x 16.0,200,120,16.0,70.2,89.4,4220,1810,422,302
RHS 200 x 150 x 5.0,200,150,5.0,26.5,33.7,1970,1260,197,169
RHS 200 x 150 x 5.6,200,150,5.6,29.5,37.6,2180,1400,218,186
RHS 200 x 150 x 6.3,200,150,6.3,33.0,42.1,2420,1550,242,207
RHS 200 x 150 x 7.1,200,150,7.1,37.0,47.1,2680,1720,268,229
RHS 200 x 150 x 8.0,200,150,8.0,41.4,52.8,2970,1890,297,253
RHS 200 x 150 x 8.8,200,150,8.8,45.3,57.7,3220,2050,322,273
RHS 200 x 150 x 10.0,200,150,10.0,51.0,64.9,3570,2260,357,302
RHS 200 x 150 x 11.0,200,150,11.0,55.6,70.9,3840,2440,385,325
RHS 200 x 150 x 12.5,200,150,12.5,62.5,79.6,4240,2670,424,356
RHS 200 x 150 x 14.2,200,150,14.2,70.0,89.2,4640,2920,464,389
RHS 200 x 150 x 16.0,200,150,16.0,77.7,99.0,5040,3150,504,420
RHS 220 x 120 x 7.1,220,120,7.1,35.9,45.7,2900,1120,263,186
RHS 220 x 120 x 8.0,220,120,8.0,40.2,51.2,3200,1230,291,205
RHS 220 x 120 x 8.8,220,120,8.8,43.9,55.9,3470,1320,315,221
RHS 220 x 120 x 10.0,220,120,10.0,49.4,62.9,3840,1460,349,243
RHS 220 x 120 x 11.0,220,120,11.0,53.9,68.7,4140,1560,376,261
RHS 220 x 120 x 12.5,220,120,12.5,60.5,77.1,4560,1710,415,285
RHS 220 x 120 x 14.2,220,120,14.2,67.8,86.3,5000,1850,454,309
RHS 220 x 120 x 16.0,220,120,16.0,75.2,95.8,5410,1990,492,331
RHS 250 x 100 x 5.0,250,100,5.0,26.5,33.7,2610,618,209,124
RHS 250 x 100 x 5.6,250,100,5.6,29.5,37.6,2890,681,231,136
RHS 250 x 100 x 6.3,250,100,6.3,33.0,42.1,3210,751,257,150
RHS 250 x 100 x 7.1,250,100,7.1,37.0,47.1,3560,827,285,165
RHS 250 x 100 x 8.0,250,100,8.0,41.4,52.8,3940,909,315,182
RHS 250 x 100 x 8.8,250,100,8.8,45.3,57.7,4270,977,341,195
RHS 250 x 100 x 10.0,250,100,10.0,51.0,64.9,4730,1070,379,214
RHS 250 x 100 x 11.0,250,100,11.0,55.6,70.9,5100,1140,408,229
RHS 250 x 100 x 12.5,250,100,12.5,62.5,79.6,5620,1240,450,249
RHS 250 x 100 x 14.2,250,100,14.2,70.0,89.2,6160,1340,493,269
RHS 250 x 100 x 16.0,250,100,16.0,77.7,99.0,6690,1430,535,287
RHS 250 x 150 x 5.0,250,150,5.0,30.4,38.7,3360,1530,269,204
RHS 250 x 150 x 5.6,250,150,5.6,33.9,43.2,3730,1690,298,225
RHS 250 x 150 x 6.3,250,150,6.3,38.0,48.4,4140,1870,331,250
RHS 250 x 150 x 7.1,250,150,7.1,42.6,54.2,4610,2080,368,277
RHS 250 x 150 x 8.0,250,150,8.0,47.7,60.8,5110,2300,409,306
RHS 250 x 150 x 8.8,250,150,8.8,52.2,66.5,5550,2490,444,331
RHS 250 x 150 x 10.0,250,150,10.0,58.8,74.9,6170,2760,494,367
RHS 250 x 150 x 11.0,250,150,11.0,64.3,81.9,6670,2970,534,396
RHS 250 x 150 x 12.5,250,150,12.5,72.3,92.1,7390,3260,591,435
RHS 250 x 150 x 14.2,250,150,14.2,81.1,103,8140,3580,651,477
RHS 250 x 150 x 16.0,250,150,16.0,90.3,115,8880,3870,710,516
RHS 260 x 140 x 5.0,260,140,5.0,30.4,38.7,3530,1350,272,193
RHS 260 x 140 x 5.6,260,140,5.6,33.9,43.2,3920,1500,301,214
RHS 260 x 140 x 6.3,260,140,6.3,38.0,48.4,4360,1660,335,237
RHS 260 x 140 x 7.1,260,140,7.1,42.6,54.2,4840,1840,372,263
RHS 260 x 140 x 8.0,260,140,8.0,47.7,60.8,5370,2030,413,290
RHS 260 x 140 x 8.8,260,140,8.8,52.2,66.5,5830,2200,449,314
RHS 260 x 140 x 10.0,260,140,10.0,58.8,74.9,6490,2430,499,347
RHS 260 x 140 x 11.0,260,140,11.0,64.3,81.9,7020,2620,540,374
RHS 260 x 140 x 12.5,260,140,12.5,72.3,92.1,7770,2880,597,411
RHS 260 x 140 x 14.2,260,140,14.2,81.1,103,8560,3140,658,449
RHS 260 x 140 x 16.0,260,140,16.0,90.3,115,9340,3400,718,486
RHS 260 x 180 x 8.0,260,180,8.0,52.7,67.2,6390,3610,492,401
RHS 260 x 180 x 8.8,260,180,8.8,57.7,73.5,6940,3910,534,435
RHS 260 x 180 x 10.0,260,180,10.0,65.1,82.9,7740,4350,595,483
RHS 260 x 180 x 11.0,260,180,11.0,71.2,90.7,8380,4700,645,522
RHS 260 x 180 x 12.5,260,180,12.5,80.1,102,9300,5200,715,577
RHS 260 x 180 x 14.2,260,180,14.2,90.1,115,10300,5720,791,635
RHS 260 x 180 x 16.0,260,180,16.0,100,128,11200,6230,865,692
RHS 300 x 100 x 5.0,300,100,5.0,30.4,38.7,4150,731,276,146
RHS 300 x 100 x 5.6,300,100,5.6,33.9,43.2,4600,806,307,161
RHS 300 x 100 x 6.3,300,100,6.3,38.0,48.4,5110,890,341,178
RHS 300 x 100 x 7.1,300,100,7.1,42.6,54.2,5680,981,379,196
RHS 300 x 100 x 8.0,300,100,8.0,47.7,60.8,6300,1080,420,216
RHS 300 x 100 x 8.8,300,100,8.8,52.2,66.5,6840,1160,456,232
RHS 300 x 100 x 10.0,300,100,10.0,58.8,74.9,7610,1280,508,255
RHS 300 x 100 x 11.0,300,100,11.0,64.3,81.9,8230,1360,549,273
RHS 300 x 100 x 12.5,300,100,12.5,72.3,92.1,9100,1490,607,297
RHS 300 x 100 x 14.2,300,100,14.2,81.1,103,10000,1610,669,321
RHS 300 x 100 x 16.0,300,100,16.0,90.3,115,10900,1720,729,344
RHS 300 x 200 x 5.0,300,200,5.0,38.3,48.7,6320,3400,421,340
RHS 300 x 200 x 5.6,300,200,5.6,42.7,54.4,7020,3770,468,377
RHS 300 x 200 x 6.3,300,200,6.3,47.9,61.0,7830,4190,522,419
RHS 300 x 200 x 7.1,300,200,7.1,53.7,68.4,8730,4670,582,467
RHS 300 x 200 x 8.0,300,200,8.0,60.3,76.8,9720,5180,648,518
RHS 300 x 200 x 8.8,300,200,8.8,66.0,84.1,10600,5630,705,563
RHS 300 x 200 x 10.0,300,200,10.0,74.5,94.9,11800,6280,788,628
RHS 300 x 200 x 11.0,300,200,11.0,81.5,104,12800,6800,855,680
RHS 300 x 200 x 12.5,300,200,12.5,91.9,117,14300,7540,952,754
RHS 300 x 200 x 14.2,300,200,14.2,103,132,15800,8330,1060,833
RHS 300 x 200 x 16.0,300,200,16.0,115,147,17400,9110,1160,911
RHS 300 x 250 x 6.3,300,250,6.3,52.8,67.3,9190,6950,613,556
RHS 300 x 250 x 7.1,300,250,7.1,59.3,75.5,10300,7750,683,620
RHS 300 x 250 x 8.0,300,250,8.0,66.5,84.8,11400,8630,761,690
RHS 300 x 250 x 8.8,300,250,8.8,72.9,92.9,12400,9390,829,751
RHS 300 x 250 x 10.0,300,250,10.0,82.4,105,13900,10500,928,840
RHS 300 x 250 x 11.0,300,250,11.0,90.2,115,15100,11400,1010,911
RHS 300 x 250 x 12.5,300,250,12.5,102,130,16900,12700,1120,1010
RHS 300 x 250 x 14.2,300,250,14.2,115,146,18700,14100,1250,1130
RHS 300 x 250 x 16.0,300,250,16.0,128,163,20600,15500,1380,1240
RHS 350 x 150 x 5.0,350,150,5.0,38.3,48.7,7660,2050,437,274
RHS 350 x 150 x 5.6,350,150,5.6,42.7,54.4,8510,2270,486,303
RHS 350 x 150 x 6.3,350,150,6.3,47.9,61.0,9480,2520,542,337
RHS 350 x 150 x 7.1,350,150,7.1,53.7,68.4,10600,2800,604,374
RHS 350 x 150 x 8.0,350,150,8.0,60.3,76.8,11800,3100,673,414
RHS 350 x 150 x 8.8,350,150,8.8,66.0,84.1,12800,3360,732,449
RHS 350 x 150 x 10.0,350,150,10.0,74.5,94.9,14300,3740,818,498
RHS 350 x 150 x 11.0,350,150,11.0,81.5,104,15500,4030,888,538
RHS 350 x 150 x 12.5,350,150,12.5,91.9,117,17300,4450,988,593
RHS 350 x 150 x 14.2,350,150,14.2,103,132,19200,4890,1100,652
RHS 350 x 150 x 16.0,350,150,16.0,115,147,21100,5320,1200,709
RHS 350 x 200 x 6.3,350,200,6.3,52.8,67.3,11300,4780,648,478
RHS 350 x 200 x 7.1,350,200,7.1,59.3,75.5,12700,5330,723,533
RHS 350 x 200 x 8.0,350,200,8.0,66.5,84.8,14100,5920,806,592
RHS 350 x 200 x 8.8,350,200,8.8,72.9,92.9,15400,6440,878,644
RHS 350 x 200 x 10.0,350,200,10.0,82.4,105,17200,7180,983,718
RHS 350 x 200 x 11.0,350,200,11.0,90.2,115,18700,7780,1070,778
RHS 350 x 200 x 12.5,350,200,12.5,102,130,20900,8640,1190,864
RHS 350 x 200 x 14.2,350,200,14.2,115,146,23200,9560,1320,956
RHS 350 x 200 x 16.0,350,200,16.0,128,163,25500,10500,1460,1050
RHS 350 x 250 x 6.3,350,250,6.3,57.8,73.6,13200,7880,754,631
RHS 350 x 250 x 7.1,350,250,7.1,64.9,82.6,14700,8800,843,704
RHS 350 x 250 x 8.0,350,250,8.0,72.8,92.8,16400,9800,940,784
RHS 350 x 250 x 8.8,350,250,8.8,79.8,102,17900,10700,1020,853
RHS 350 x 250 x 10.0,350,250,10.0,90.2,115,20100,11900,1150,955
RHS 350 x 250 x 11.0,350,250,11.0,98.8,126,21900,13000,1250,1040
RHS 350 x 250 x 12.5,350,250,12.5,112,142,24400,14400,1400,1160
RHS 350 x 250 x 14.2,350,250,14.2,126,160,27200,16000,1550,1280
RHS 350 x 250 x 16.0,350,250,16.0,141,179,30000,17700,1720,1410
RHS 400 x 150 x 6.3,400,150,6.3,52.8,67.3,13300,2850,663,380
RHS 400 x 150 x 7.1,400,150,7.1,59.3,75.5,14800,3170,740,422
RHS 400 x 150 x 8.0,400,150,8.0,66.5,84.8,16500,3510,824,468
RHS 400 x 150 x 8.8,400,150,8.8,72.9,92.9,18000,3800,898,507
RHS 400 x 150 x 10.0,400,150,10.0,82.4,105,20100,4230,1010,564
RHS 400 x 150 x 11.0,400,150,11.0,90.2,115,21800,4560,1090,609
RHS 400 x 150 x 12.5,400,150,12.5,102,130,24400,5040,1220,672
RHS 400 x 150 x 14.2,400,150,14.2,115,146,27100,5550,1360,740
RHS 400 x 150 x 16.0,400,150,16.0,128,163,29800,6040,1490,805
RHS 400 x 200 x 6.3,400,200,6.3,57.8,73.6,15700,5380,785,538
RHS 400 x 200 x 7.1,400,200,7.1,64.9,82.6,17500,5990,877,599
RHS 400 x 200 x 8.0,400,200,8.0,72.8,92.8,19600,6660,978,666
RHS 400 x 200 x 8.8,400,200,8.8,79.8,102,21300,7240,1070,724
RHS 400 x 200 x 10.0,400,200,10.0,90.2,115,23900,8080,1200,808
RHS 400 x 200 x 11.0,400,200,11.0,98.8,126,26000,8760,1300,876
RHS 400 x 200 x 12.5,400,200,12.5,112,142,29100,9740,1450,974
RHS 400 x 200 x 14.2,400,200,14.2,126,160,32400,10800,1620,1080
RHS 400 x 200 x 16.0,400,200,16.0,141,179,35700,11800,1790,1180
RHS 400 x 300 x 8.0,400,300,8.0,85.4,109,25700,16500,1280,1100
RHS 400 x 300 x 8.8,400,300,8.8,93.6,119,28100,18000,1400,1200
RHS 400 x 300 x 10.0,400,300,10.0,106,135,31500,20200,1580,1350
RHS 400 x 300 x 11.0,400,300,11.0,116,148,34300,22000,1720,1470
RHS 400 x 300 x 12.5,400,300,12.5,131,167,38500,24600,1920,1640
RHS 400 x 300 x 14.2,400,300,14.2,148,189,43000,27400,2150,1830
RHS 400 x 300 x 16.0,400,300,16.0,166,211,47500,30300,2380,2020
RHS 450 x 150 x 8.0,450,150,8.0,72.8,92.8,22300,3910,990,522
RHS 450 x 150 x 8.8,450,150,8.8,79.8,102,24300,4240,1080,566
RHS 450 x 150 x 10.0,450,150,10.0,90.2,115,27200,4720,1210,629
RHS 450 x 150 x 11.0,450,150,11.0,98.8,126,29600,5100,1320,680
RHS 450 x 150 x 12.5,450,150,12.5,112,142,33100,5640,1470,751
RHS 450 x 150 x 14.2,450,150,14.2,126,160,36800,6200,1640,827
RHS 450 x 150 x 16.0,450,150,16.0,141,179,40600,6760,1810,901
RHS 450 x 250 x 8.0,450,250,8.0,85.4,109,30100,12100,1340,971
RHS 450 x 250 x 8.8,450,250,8.8,93.6,119,32800,13200,1460,1060
RHS 450 x 250 x 10.0,450,250,10.0,106,135,36900,14800,1640,1180
RHS 450 x 250 x 11.0,450,250,11.0,116,148,40200,16100,1790,1290
RHS 450 x 250 x 12.5,450,250,12.5,131,167,45000,18000,2000,1440
RHS 450 x 250 x 14.2,450,250,14.2,148,189,50300,20000,2240,1600
RHS 450 x 250 x 16.0,450,250,16.0,166,211,55700,22000,2480,1760
RHS 500 x 200 x 8.0,500,200,8.0,85.4,109,34000,8140,1360,814
RHS 500 x 200 x 8.8,500,200,8.8,93.6,119,37200,8850,1490,885
RHS 500 x 200 x 10.0,500,200,10.0,106,135,41800,9890,1670,989
RHS 500 x 200 x 11.0,500,200,11.0,116,148,45500,10700,1820,1070
RHS 500 x 200 x 12.5,500,200,12.5,131,167,51000,11900,2040,1190
RHS 500 x 200 x 14.2,500,200,14.2,148,189,56900,13200,2280,1320
RHS 500 x 200 x 16.0,500,200,16.0,166,211,63000,14500,2520,1450
RHS 500 x 300 x 8.0,500,300,8.0,97.9,125,43700,20000,1750,1330
RHS 500 x 300 x 8.8,500,300,8.8,107,137,47800,21800,1910,1450
RHS 500 x 300 x 10.0,500,300,10.0,122,155,53800,24400,2150,1630
RHS 500 x 300 x 11.0,500,300,11.0,133,170,58600,26600,2350,1770
RHS 500 x 300 x 12.5,500,300,12.5,151,192,65800,29800,2630,1980
RHS 500 x 300 x 14.2,500,300,14.2,170,217,73700,33200,2950,2220
RHS 500 x 300 x 16.0,500,300,16.0,191,243,81800,36800,3270,2450
SHS 40  x  40 x 2.9,40,40,2.9,3.31,4.21,9.54,9.54,4.77,4.77
SHS 40  x  40 x 3.0,40,40,3,3.41,4.34,9.78,9.78,4.89,4.89
SHS 40  x  40 x 3.2,40,40,3.2,3.61,4.60,10.2,10.2,5.11,5.11
SHS 40  x  40 x 3.6,40,40,3.6,4.01,5.10,11.1,11.1,5.54,5.54
SHS 40  x  40 x 4.0,40,40,4,4.39,5.59,11.8,11.8,5.91,5.91
SHS 40  x  40 x 5.0,40,40,5,5.28,6.73,13.4,13.4,6.68,6.68
SHS 40  x  40 x 5.6,40,40,5.6,5.78,7.37,14.1,14.1,7.03,7.03
SHS 40  x  40 x 6.3,40,40,6.3,6.33,8.07,14.7,14.7,7.34,7.34
SHS 50  x  50 x 2.9,50,50,2.9,4.22,5.37,19.7,19.7,7.87,7.87
SHS 50  x  50 x 3.0,50,50,3,4.35,5.54,20.2,20.2,8.08,8.08
SHS 50  x  50 x 3.2,50,50,3.2,4.62,5.88,21.2,21.2,8.49,8.49
SHS 50  x  50 x 3.6,50,50,3.6,5.14,6.54,23.2,23.2,9.27,9.27
SHS 50  x  50 x 4.0,50,50,4,5.64,7.19,25.0,25.0,9.99,9.99
SHS 50  x  50 x 5.0,50,50,5,6.85,8.73,28.9,28.9,11.6,11.6
SHS 50  x  50 x 5.6,50,50,5.6,7.54,9.61,30.8,30.8,12.3,12.3
SHS 50  x  50 x 6.3,50,50,6.3,8.31,10.6,32.8,32.8,13.1,13.1
SHS 50  x  50 x 7.1,50,50,7.1,9.14,11.6,34.5,34.5,13.8,13.8
SHS 50  x  50 x 8.0,50,50,8,10.0,12.8,36.0,36.0,14.4,14.4
SHS 60  x  60 x 2.9,60,60,2.9,5.13,6.53,35.2,35.2,11.7,11.7
SHS 60  x  60 x 3.0,60,60,3,5.29,6.74,36.2,36.2,12.1,12.1
SHS 60  x  60 x 3.2,60,60,3.2,5.62,7.16,38.2,38.2,12.7,12.7
SHS 60  x  60 x 3.6,60,60,3.6,6.27,7.98,41.9,41.9,14.0,14.0
SHS 60  x  60 x 4.0,60,60,4,6.90,8.79,45.4,45.4,15.1,15.1
SHS 60  x  60 x 5.0,60,60,5,8.42,10.7,53.3,53.3,17.8,17.8
SHS 60  x  60 x 5.6,60,60,5.6,9.30,11.8,57.4,57.4,19.1,19.1
SHS 60  x  60 x 6.3,60,60,6.3,10.3,13.1,61.6,61.6,20.5,20.5
SHS 60  x  60 x 7.1,60,60,7.1,11.4,14.5,65.8,65.8,21.9,21.9
SHS 60  x  60 x 8.0,60,60,8,12.5,16.0,69.7,69.7,23.2,23.2
SHS 70  x  70 x 3.0,70,70,3,6.24,7.94,59.0,59.0,16.9,16.9
SHS 70  x  70 x 3.2,70,70,3.2,6.63,8.44,62.3,62.3,17.8,17.8
SHS 70  x  70 x 3.6,70,70,3.6,7.40,9.42,68.6,68.6,19.6,19.6
SHS 70  x  70 x 4.0,70,70,4,8.15,10.4,74.7,74.7,21.3,21.3
SHS 70  x  70 x 5.0,70,70,5,9.99,12.7,88.5,88.5,25.3,25.3
SHS 70  x  70 x 5.6,70,70,5.6,11.1,14.1,95.9,95.9,27.4,27.4
SHS 70  x  70 x 6.3,70,70,6.3,12.3,15.6,104,104,29.7,29.7
SHS 70  x  70 x 7.1,70,70,7.1,13.6,17.3,112,112,32.0,32.0
SHS 70  x  70 x 8.0,70,70,8,15.0,19.2,120,120,34.2,34.2
SHS 70  x  70 x 8.8,70,70,8.8,16.3,20.7,126,126,35.9,35.9
SHS 80  x  80 x 3.2,80,80,3.2,7.63,9.72,95.0,95.0,23.7,23.7
SHS 80  x  80 x 3.6,80,80,3.6,8.53,10.9,105,105,26.2,26.2
SHS 80  x  80 x 4.0,80,80,4,9.41,12.0,114,114,28.6,28.6
SHS 80  x  80 x 5.0,80,80,5,11.6,14.7,137,137,34.2,34.2
SHS 80  x  80 x 5.6,80,80,5.6,12.8,16.3,149,149,37.2,37.2
SHS 80  x  80 x 6.3,80,80,6.3,14.2,18.1,162,162,40.5,40.5
SHS 80  x  80 x 7.1,80,80,7.1,15.8,20.2,176,176,43.9,43.9
SHS 80  x  80 x 8.0,80,80,8,17.5,22.4,189,189,47.3,47.3
SHS 80  x  80 x 8.8,80,80,8.8,19.0,24.2,200,200,50.0,50.0
SHS 80  x  80 x 10.0,80,80,10,21.1,26.9,214,214,53.5,53.5
SHS 90  x  90 x 3.6,90,90,3.6,9.66,12.3,152,152,33.8,33.8
SHS 90  x  90 x 4.0,90,90,4,10.7,13.6,166,166,37.0,37.0
SHS 90  x  90 x 5.0,90,90,5,13.1,16.7,200,200,44.4,44.4
SHS 90  x  90 x 5.6,90,90,5.6,14.6,18.6,218,218,48.5,48.5
SHS 90  x  90 x 6.3,90,90,6.3,16.2,20.7,238,238,53.0,53.0
SHS 90  x  90 x 7.1,90,90,7.1,18.1,23.0,260,260,57.7,57.7
SHS 90  x  90 x 8.0,90,90,8,20.1,25.6,281,281,62.6,62.6
SHS 90  x  90 x 8.8,90,90,8.8,21.8,27.8,299,299,66.5,66.5
SHS 90  x  90 x 10.0,90,90,10,24.3,30.9,322,322,71.6,71.6
SHS 100  x  100 x 3.6,100,100,3.6,10.8,13.7,212,212,42.3,42.3
SHS 100  x  100 x 4.0,100,100,4,11.9,15.2,232,232,46.4,46.4
SHS 100  x  100 x 5.0,100,100,5,14.7,18.7,279,279,55.9,55.9
SHS 100  x  100 x 5.6,100,100,5.6,16.3,20.8,306,306,61.2,61.2
SHS 100  x  100 x 6.3,100,100,6.3,18.2,23.2,336,336,67.1,67.1
SHS 100  x  100 x 7.1,100,100,7.1,20.3,25.8,367,367,73.4,73.4
SHS 100  x  100 x 8.0,100,100,8,22.6,28.8,400,400,79.9,79.9
SHS 100  x  100 x 8.8,100,100,8.8,24.5,31.3,426,426,85.2,85.2
SHS 100  x  100 x 10.0,100,100,10,27.4,34.9,462,462,92.4,92.4
SHS 120  x  120 x 4.0,120,120,4,14.4,18.4,410,410,68.4,68.4
SHS 120  x  120 x 5.0,120,120,5,17.8,22.7,498,498,83.0,83.0
SHS 120  x  120 x 5.6,120,120,5.6,19.9,25.3,547,547,91.2,91.2
SHS 120  x  120 x 6.3,120,120,6.3,22.2,28.2,603,603,100,100
SHS 120  x  120 x 7.1,120,120,7.1,24.7,31.5,663,663,110,110
SHS 120  x  120 x 8.0,120,120,8,27.6,35.2,726,726,121,121
SHS 120  x  120 x 8.8,120,120,8.8,30.1,38.3,779,779,130,130
SHS 120  x  120 x 10.0,120,120,10,33.7,42.9,852,852,142,142
SHS 120  x  120 x 11.0,120,120,11,36.6,46.7,908,908,151,151
SHS 120  x  120 x 12.5,120,120,12.5,40.9,52.1,982,982,164,164
SHS 140  x  140 x 5.0,140,140,5,21.0,26.7,807,807,115,115
SHS 140  x  140 x 5.6,140,140,5.6,23.4,29.8,891,891,127,127
SHS 140  x  140 x 6.3,140,140,6.3,26.1,33.3,984,984,141,141
SHS 140  x  140 x 7.1,140,140,7.1,29.2,37.2,1090,1090,155,155
SHS 140  x  140 x 8.0,140,140,8,32.6,41.6,1200,1200,171,171
SHS 140  x  140 x 8.8,140,140,8.8,35.6,45.4,1290,1290,184,184
SHS 140  x  140 x 10.0,140,140,10,40.0,50.9,1420,1420,202,202
SHS 140  x  140 x 11.0,140,140,11,43.5,55.5,1520,1520,217,217
SHS 140  x  140 x 12.5,140,140,12.5,48.7,62.1,1650,1650,236,236
SHS 140  x  140 x 14.2,140,140,14.2,54.4,69.3,1790,1790,256,256
SHS 140  x  140 x 16.0,140,140,16,60.1,76.6,1920,1920,274,274
SHS 150  x  150 x 5.0,150,150,5,22.6,28.7,1000,1000,134,134
SHS 150  x  150 x 5.6,150,150,5.6,25.1,32.0,1110,1110,147,147
SHS 150  x  150 x 6.3,150,150,6.3,28.1,35.8,1220,1220,163,163
SHS 150  x  150 x 7.1,150,150,7.1,31.4,40.0,1350,1350,180,180
SHS 150  x  150 x 8.0,150,150,8,35.1,44.8,1490,1490,199,199
SHS 150  x  150 x 8.8,150,150,8.8,38.4,48.9,1610,1610,214,214
SHS 150  x  150 x 10.0,150,150,10,43.1,54.9,1770,1770,236,236
SHS 150  x  150 x 11.0,150,150,11,47.0,59.9,1900,1900,254,254
SHS 150  x  150 x 12.5,150,150,12.5,52.7,67.1,2080,2080,277,277
SHS 150  x  150 x 14.2,150,150,14.2,58.9,75.0,2260,2260,302,302
SHS 150  x  150 x 16.0,150,150,16,65.2,83.0,2430,2430,324,324
SHS 160  x  160 x 5.0,160,160,5,24.1,30.7,1220,1220,153,153
SHS 160  x  160 x 5.6,160,160,5.6,26.9,34.2,1350,1350,169,169
SHS 160  x  160 x 6.3,160,160,6.3,30.1,38.3,1500,1500,187,187
SHS 160  x  160 x 7.1,160,160,7.1,33.7,42.9,1660,1660,207,207
SHS 160  x  160 x 8.0,160,160,8,37.6,48.0,1830,1830,229,229
SHS 160  x  160 x 8.8,160,160,8.8,41.1,52.4,1980,1980,247,247
SHS 160  x  160 x 10.0,160,160,10,46.3,58.9,2190,2190,273,273
SHS 160  x  160 x 11.0,160,160,11,50.4,64.3,2350,2350,294,294
SHS 160  x  160 x 12.5,160,160,12.5,56.6,72.1,2580,2580,322,322
SHS 160  x  160 x 14.2,160,160,14.2,63.3,80.7,2810,2810,351,351
SHS 160  x  160 x 16.0,160,160,16,70.2,89.4,3030,3030,379,379
SHS 180  x  180 x 6.3,180,180,6.3,34.0,43.3,2170,2170,241,241
SHS 180  x  180 x 7.1,180,180,7.1,38.1,48.6,2400,2400,267,267
SHS 180  x  180 x 8.0,180,180,8,42.7,54.4,2660,2660,296,296
SHS 180  x  180 x 8.8,180,180,8.8,46.7,59.4,2880,2880,320,320
SHS 180  x  180 x 10.0,180,180,10,52.5,66.9,3190,3190,355,355
SHS 180  x  180 x 11.0,180,180,11,57.4,73.1,3440,3440,382,382
SHS 180  x  180 x 12.5,180,180,12.5,64.4,82.1,3790,3790,421,421
SHS 180  x  180 x 14.2,180,180,14.2,72.2,92.0,4150,4150,462,462
SHS 180  x  180 x 16.0,180,180,16,80.2,102,4500,4500,500,500
SHS 200  x  200 x 5.0,200,200,5,30.4,38.7,2440,2440,245,245
SHS 200  x  200 x 5.6,200,200,5.6,33.9,43.2,2710,2710,271,271
SHS 200  x  200 x 6.3,200,200,6.3,38.0,48.4,3010,3010,301,301
SHS 200  x  200 x 7.1,200,200,7.1,42.6,54.2,3340,3340,335,335
SHS 200  x  200 x 8.0,200,200,8,47.7,60.8,3710,3710,371,371
SHS 200  x  200 x 8.8,200,200,8.8,52.2,66.5,4020,4020,402,402
SHS 200  x  200 x 10.0,200,200,10,58.8,74.9,4470,4470,447,447
SHS 200  x  200 x 11.0,200,200,11,64.3,81.9,4830,4830,483,483
SHS 200  x  200 x 12.5,200,200,12.5,72.3,92.1,5340,5340,534,534
SHS 200  x  200 x 14.2,200,200,14.2,81.1,103,5870,5870,587,587
SHS 200  x  200 x 16.0,200,200,16,90.3,115,6390,6390,639,639
SHS 220  x  220 x 8.0,220,220,8,52.7,67.2,5000,5000,455,455
SHS 220  x  220 x 8.8,220,220,8.8,57.7,73.5,5430,5430,494,494
SHS 220  x  220 x 10.0,220,220,10,65.1,82.9,6050,6050,550,550
SHS 220  x  220 x 11.0,220,220,11,71.2,90.7,6550,6550,595,595
SHS 220  x  220 x 12.5,220,220,12.5,80.1,102,7250,7250,659,659
SHS 220  x  220 x 14.2,220,220,14.2,90.1,115,8010,8010,728,728
SHS 220  x  220 x 16.0,220,220,16,100,128,8750,8750,795,795
SHS 250  x  250 x 5.0,250,250,5,38.3,48.7,4860,4860,389,389
SHS 250  x  250 x 5.6,250,250,5.6,42.7,54.4,5400,5400,432,432
SHS 250  x  250 x 6.3,250,250,6.3,47.9,61.0,6010,6010,481,481
SHS 250  x  250 x 7.1,250,250,7.1,53.7,68.4,6700,6700,536,536
SHS 250  x  250 x 8.0,250,250,8,60.3,76.8,7460,7460,596,596
SHS 250  x  250 x 8.8,250,250,8.8,66.0,84.1,8110,8110,649,649
SHS 250  x  250 x 10.0,250,250,10,74.5,94.9,9060,9060,724,724
SHS 250  x  250 x 11.0,250,250,11,81.5,104,9820,9820,785,785
SHS 250  x  250 x 12.5,250,250,12.5,91.9,117,10900,10900,873,873
SHS 250  x  250 x 14.2,250,250,14.2,103,132,12100,12100,967,967
SHS 250  x  250 x 16.0,250,250,16,115,147,13300,13300,1060,1060
SHS 260  x  260 x 7.1,260,260,7.1,56.0,71.3,7570,7570,582,582
SHS 260  x  260 x 8.0,260,260,8,62.8,80.0,8420,8420,648,648
SHS 260  x  260 x 8.8,260,260,8.8,68.8,87.6,9160,9160,705,705
SHS 260  x  260 x 10.0,260,260,10,77.7,98.9,10200,10200,788,788
SHS 260  x  260 x 11.0,260,260,11,85.0,108,11100,11100,855,855
SHS 260  x  260 x 12.5,260,260,12.5,95.8,122,12400,12400,951,951
SHS 260  x  260 x 14.2,260,260,14.2,108,137,13700,13700,1060,1060
SHS 260  x  260 x 16.0,260,260,16,120,153,15100,15100,1160,1160
SHS 300  x  300 x 6.3,300,300,6.3,57.8,73.6,10500,10500,703,703
SHS 300  x  300 x 7.1,300,300,7.1,64.9,82.6,11800,11800,785,785
SHS 300  x  300 x 8.0,300,300,8,72.8,92.8,13100,13100,875,875
SHS 300  x  300 x 8.8,300,300,8.8,79.8,102,14300,14300,954,954
SHS 300  x  300 x 10.0,300,300,10,90.2,115,16000,16000,1070,1070
SHS 300  x  300 x 11.0,300,300,11,98.8,126,17400,17400,1160,1160
SHS 300  x  300 x 12.5,300,300,12.5,112,142,19400,19400,1300,1300
SHS 300  x  300 x 14.2,300,300,14.2,126,160,21600,21600,1440,1440
SHS 300  x  300 x 16.0,300,300,16,141,179,23800,23800,1590,1590
SHS 350  x  350 x 8.0,350,350,8,85.4,109,21100,21100,1210,1210
SHS 350  x  350 x 8.8,350,350,8.8,93.6,119,23100,23100,1320,1320
SHS 350  x  350 x 10.0,350,350,10,106,135,25900,25900,1480,1480
SHS 350  x  350 x 11.0,350,350,11,116,148,28200,28200,1610,1610
SHS 350  x  350 x 12.5,350,350,12.5,131,167,31500,31500,1800,1800
SHS 350  x  350 x 14.2,350,350,14.2,148,189,35200,35200,2010,2010
SHS 350  x  350 x 16.0,350,350,16,166,211,38900,38900,2220,2220
SHS 400  x  400 x 8.0,400,400,8,97.9,125,31900,31900,1590,1590
SHS 400  x  400 x 8.8,400,400,8.8,107,137,34800,34800,1740,1740
SHS 400  x  400 x 10.0,400,400,10,122,155,39100,39100,1960,1960
SHS 400  x  400 x 11.0,400,400,11,133,170,42700,42700,2130,2130
SHS 400  x  400 x 12.5,400,400,12.5,151,192,47800,47800,2390,2390
SHS 400  x  400 x 14.2,400,400,14.2,170,217,53500,53500,2680,2680
SHS 400  x  400 x 16.0,400,400,16,191,243,59300,59300,2970,2970
CHS 21.3 x 2.6,21.3,21.3,2.6,1.20,1.53,0.681,0.681,0.639,0.639
CHS 21.3 x 2.9,21.3,21.3,2.9,1.32,1.68,0.727,0.727,0.683,0.683
CHS 21.3 x 3.2,21.3,21.3,3.2,1.43,1.82,0.768,0.768,0.722,0.722
CHS 26.9 x 2.6,26.9,26.9,2.6,1.56,1.98,1.48,1.48,1.10,1.10
CHS 26.9 x 2.9,26.9,26.9,2.9,1.72,2.19,1.60,1.60,1.19,1.19
CHS 26.9 x 3.2,26.9,26.9,3.2,1.87,2.38,1.70,1.70,1.27,1.27
CHS 26.9 x 3.6,26.9,26.9,3.6,2.07,2.64,1.83,1.83,1.36,1.36
CHS 33.7 x 2.6,33.7,33.7,2.6,1.99,2.54,3.09,3.09,1.84,1.84
CHS 33.7 x 2.9,33.7,33.7,2.9,2.20,2.81,3.36,3.36,1.99,1.99
CHS 33.7 x 3.2,33.7,33.7,3.2,2.41,3.07,3.60,3.60,2.14,2.14
CHS 33.7 x 3.6,33.7,33.7,3.6,2.67,3.40,3.91,3.91,2.32,2.32
CHS 33.7 x 4.0,33.7,33.7,4.0,2.93,3.73,4.19,4.19,2.49,2.49
CHS 33.7 x 4.5,33.7,33.7,4.5,3.24,4.13,4.50,4.50,2.67,2.67
CHS 42.4 x 2.6,42.4,42.4,2.6,2.55,3.25,6.46,6.46,3.05,3.05
CHS 42.4 x 2.9,42.4,42.4,2.9,2.82,3.60,7.06,7.06,3.33,3.33
CHS 42.4 x 3.2,42.4,42.4,3.2,3.09,3.94,7.62,7.62,3.59,3.59
CHS 42.4 x 3.6,42.4,42.4,3.6,3.44,4.39,8.33,8.33,3.93,3.93
CHS 42.4 x 4.0,42.4,42.4,4.0,3.79,4.83,8.99,8.99,4.24,4.24
CHS 42.4 x 4.5,42.4,42.4,4.5,4.21,5.36,9.76,9.76,4.60,4.60
CHS 48.3 x 2.6,48.3,48.3,2.6,2.93,3.73,9.78,9.78,4.05,4.05
CHS 48.3 x 2.9,48.3,48.3,2.9,3.25,4.14,10.7,10.7,4.43,4.43
CHS 48.3 x 3.2,48.3,48.3,3.2,3.56,4.53,11.6,11.6,4.80,4.80
CHS 48.3 x 3.6,48.3,48.3,3.6,3.97,5.06,12.7,12.7,5.26,5.26
CHS 48.3 x 4.0,48.3,48.3,4.0,4.37,5.57,13.8,13.8,5.70,5.70
CHS 48.3 x 4.5,48.3,48.3,4.5,4.86,6.19,15.0,15.0,6.21,6.21
CHS 48.3 x 5.0,48.3,48.3,5.0,5.34,6.80,16.2,16.2,6.69,6.69
CHS 48.3 x 5.6,48.3,48.3,5.6,5.90,7.51,17.4,17.4,7.21,7.21
CHS 48.3 x 6.3,48.3,48.3,6.3,6.53,8.31,18.7,18.7,7.76,7.76
CHS 60.3 x 2.6,60.3,60.3,2.6,3.70,4.71,19.7,19.7,6.52,6.52
CHS 60.3 x 2.9,60.3,60.3,2.9,4.11,5.23,21.6,21.6,7.16,7.16
CHS 60.3 x 3.2,60.3,60.3,3.2,4.51,5.74,23.5,23.5,7.78,7.78
CHS 60.3 x 3.6,60.3,60.3,3.6,5.03,6.41,25.9,25.9,8.58,8.58
CHS 60.3 x 4.0,60.3,60.3,4.0,5.55,7.07,28.2,28.2,9.34,9.34
CHS 60.3 x 4.5,60.3,60.3,4.5,6.19,7.89,30.9,30.9,10.2,10.2
CHS 60.3 x 5.0,60.3,60.3,5.0,6.82,8.69,33.5,33.5,11.1,11.1
CHS 60.3 x 5.6,60.3,60.3,5.6,7.55,9.62,36.4,36.4,12.1,12.1
CHS 60.3 x 6.3,60.3,60.3,6.3,8.39,10.7,39.5,39.5,13.1,13.1
CHS 60.3 x 7.1,60.3,60.3,7.1,9.32,11.9,42.7,42.7,14.2,14.2
CHS 60.3 x 8.0,60.3,60.3,8.0,10.3,13.1,46.0,46.0,15.3,15.3
CHS 76.1 x 2.9,76.1,76.1,2.9,5.24,6.67,44.7,44.7,11.8,11.8
CHS 76.1 x 3.2,76.1,76.1,3.2,5.75,7.33,48.8,48.8,12.8,12.8
CHS 76.1 x 3.6,76.1,76.1,3.6,6.44,8.20,54.0,54.0,14.2,14.2
CHS 76.1 x 4.0,76.1,76.1,4.0,7.11,9.06,59.1,59.1,15.5,15.5
CHS 76.1 x 4.5,76.1,76.1,4.5,7.95,10.1,65.1,65.1,17.1,17.1
CHS 76.1 x 5.0,76.1,76.1,5.0,8.77,11.2,70.9,70.9,18.6,18.6
CHS 76.1 x 5.6,76.1,76.1,5.6,9.74,12.4,77.5,77.5,20.4,20.4
CHS 76.1 x 6.3,76.1,76.1,6.3,10.8,13.8,84.8,84.8,22.3,22.3
CHS 76.1 x 7.1,76.1,76.1,7.1,12.1,15.4,92.6,92.6,24.3,24.3
CHS 76.1 x 8.0,76.1,76.1,8.0,13.4,17.1,101,101,26.4,26.4
CHS 88.9 x 3.2,88.9,88.9,3.2,6.76,8.62,79.2,79.2,17.8,17.8
CHS 88.9 x 3.6,88.9,88.9,3.6,7.57,9.65,87.9,87.9,19.8,19.8
CHS 88.9 x 4.0,88.9,88.9,4.0,8.38,10.7,96.3,96.3,21.7,21.7
CHS 88.9 x 4.5,88.9,88.9,4.5,9.37,11.9,107,107,24.0,24.0
CHS 88.9 x 5.0,88.9,88.9,5.0,10.3,13.2,116,116,26.2,26.2
CHS 88.9 x 5.6,88.9,88.9,5.6,11.5,14.7,128,128,28.7,28.7
CHS 88.9 x 6.3,88.9,88.9,6.3,12.8,16.3,140,140,31.5,31.5
CHS 88.9 x 7.1,88.9,88.9,7.1,14.3,18.2,154,154,34.6,34.6
CHS 88.9 x 8.0,88.9,88.9,8.0,16.0,20.3,168,168,37.8,37.8
CHS 88.9 x 10.0,88.9,88.9,10.0,19.5,24.8,196,196,44.1,44.1
CHS 101.6 x 3.6,101.6,101.6,3.6,8.70,11.1,133,133,26.2,26.2
CHS 101.6 x 4.0,101.6,101.6,4.0,9.63,12.3,146,146,28.8,28.8
CHS 101.6 x 4.5,101.6,101.6,4.5,10.8,13.7,162,162,31.9,31.9
CHS 101.6 x 5.0,101.6,101.6,5.0,11.9,15.2,177,177,34.9,34.9
CHS 101.6 x 5.6,101.6,101.6,5.6,13.3,16.9,195,195,38.4,38.4
CHS 101.6 x 6.3,101.6,101.6,6.3,14.8,18.9,215,215,42.3,42.3
CHS 101.6 x 7.1,101.6,101.6,7.1,16.5,21.1,237,237,46.6,46.6
CHS 101.6 x 8.0,101.6,101.6,8.0,18.5,23.5,260,260,51.1,51.1
CHS 101.6 x 10.0-,101.6,101.6,10.0,22.6,28.8,305,305,60.1,60.1
CHS 114.3 x 3.6,114.3,114.3,3.6,9.83,12.5,192,192,33.6,33.6
CHS 114.3 x 4.0,114.3,114.3,4.0,10.9,13.9,211,211,36.9,36.9
CHS 114.3 x 4.5,114.3,114.3,4.5,12.2,15.5,234,234,41.0,41.0
CHS 114.3 x 5.0,114.3,114.3,5.0,13.5,17.2,257,257,45.0,45.0
CHS 114.3 x 5.6,114.3,114.3,5.6,15.0,19.1,283,283,49.6,49.6
CHS 114.3 x 6.3,114.3,114.3,6.3,16.8,21.4,313,313,54.7,54.7
CHS 114.3 x 7.1,114.3,114.3,7.1,18.8,23.9,345,345,60.4,60.4
CHS 114.3 x 8.0,114.3,114.3,8.0,21.0,26.7,379,379,66.4,66.4
CHS 114.3 x 10.0,114.3,114.3,10.0,25.7,32.8,450,450,78.7,78.7
CHS 139.7 x 3.6,139.7,139.7,3.6,12.1,15.4,357,357,51.1,51.1
CHS 139.7 x 4.0,139.7,139.7,4.0,13.4,17.1,393,393,56.2,56.2
CHS 139.7 x 4.5,139.7,139.7,4.5,15.0,19.1,437,437,62.6,62.6
CHS 139.7 x 5.0,139.7,139.7,5.0,16.6,21.2,481,481,68.8,68.8
CHS 139.7 x 5.6,139.7,139.7,5.6,18.5,23.6,531,531,76.1,76.1
CHS 139.7 x 6.3,139.7,139.7,6.3,20.7,26.4,589,589,84.3,84.3
CHS 139.7 x 7.1,139.7,139.7,7.1,23.2,29.6,652,652,93.3,93.3
CHS 139.7 x 8.0,139.7,139.7,8.0,26.0,33.1,720,720,103,103
CHS 139.7 x 10.0,139.7,139.7,10.0,32.0,40.7,862,862,123,123
CHS 168.3 x 5.0,168.3,168.3,5.0,20.1,25.7,856,856,102,102
CHS 168.3 x 5,6,168.3,168.3,5.6,22.5,28.6,948,948,113,113
CHS 168.3 x 6.3,168.3,168.3,6.3,25.2,32.1,1050,1050,125,125
CHS 168.3 x 7.1,168.3,168.3,7.1,28.2,36.0,1170,1170,139,139
CHS 168.3 x 8.0,168.3,168.3,8.0,31.6,40.3,1300,1300,154,154
CHS 168.3 x 10.0,168.3,168.3,10.0,39.0,49.7,1560,1560,186,186
CHS 168.3 x 11.0,168.3,168.3,11.0,42.7,54.4,1690,1690,201,201
CHS 168.3 x 12.5,168.3,168.3,12.5,48.0,61.2,1870,1870,222,222
CHS 193.7 x 5.0,193.7,193.7,5.0,23.3,29.6,1320,1320,136,136
CHS 193.7 x 5.6,193.7,193.7,5.6,26.0,33.1,1460,1460,151,151
CHS 193.7 x 6.3,193.7,193.7,6.3,29.1,37.1,1630,1630,168,168
CHS 193.7 x 7.1,193.7,193.7,7.1,32.7,41.6,1810,1810,187,187
CHS 193.7 x 8,0,193.7,193.7,8.0,36.6,46.7,2020,2020,208,208
CHS 193.7 x 10.0,193.7,193.7,10.0,45.3,57.7,2440,2440,252,252
CHS 193.7 x 11.0,193.7,193.7,11.0,49.6,63.1,2640,2640,273,273
CHS 193.7 x 12.5,193.7,193.7,12.5,55.9,71.2,2930,2930,303,303
CHS 193.7 x 14.2,193.7,193.7,14.2,62.9,80.1,3240,3240,335,335
CHS 193.7 x 16.0,193.7,193.7,16.0,70.1,89.3,3550,3550,367,367
CHS 219.1 x 4.5,219.1,219.1,4.5,23.8,30.3,1750,1750,159,159
CHS 219.1 x 5.0,219.1,219.1,5.0,26.4,33.6,1930,1930,176,176
CHS 219.1 x 5.6,219.1,219.1,5.6,29.5,37.6,2140,2140,195,195
CHS 219.1 x 6.3,219.1,219.1,6.3,33.1,42.1,2390,2390,218,218
CHS 219.1 x 7.1,219.1,219.1,7.1,37.1,47.3,2660,2660,243,243
CHS 219.1 x 8.0,219.1,219.1,8.0,41.6,53.1,2960,2960,270,270
CHS 219.1 x 10.0,219.1,219.1,10.0,51.6,65.7,3600,3600,328,328
CHS 219.1 x 11.0,219.1,219.1,11.0,56.5,71.9,3900,3900,356,356
CHS 219.1 x 12.5,219.1,219.1,12.5,63.7,81.1,4340,4340,397,397
CHS 219.1 x 14.2,219.1,219.1,14.2,71.8,91.4,4820,4820,440,440
CHS 219.1 x 16.0,219.1,219.1,16.0,80.1,102,5300,5300,483,483
CHS 244.5 x 5.0,244.5,244.5,5.0,29.5,37.6,2700,2700,221,221
CHS 244.5 x 5.6,244.5,244.5,5.6,33.0,42.0,3000,3000,245,245
CHS 244.5 x 6.3,244.5,244.5,6.3,37.0,47.1,3350,3350,274,274
CHS 244.5 x 7.1,244.5,244.5,7.1,41.6,53.0,3730,3730,305,305
CHS 244.5 x 8.0,244.5,244.5,8.0,46.7,59.4,4160,4160,340,340
CHS 244.5 x 10.0,244.5,244.5,10.0,57.8,73.7,5070,5070,415,415
CHS 244.5 x 11.0,244.5,244.5,11.0,63.3,80.7,5510,5510,451,451
CHS 244.5 x 12.5,244.5,244.5,12.5,71.5,91.1,6150,6150,503,503
CHS 244.5 x 14.2,244.5,244.5,14.2,80.6,103,6840,6840,559,559
CHS 244.5 x 16.0,244.5,244.5,16.0,90.2,115,7530,7530,616,616
CHS 273.0 x 5.0,273.0,273.0,5.0,33.0,42.1,3780,3780,277,277
CHS 273.0 x 5.6,273.0,273.0,5.6,36.9,47.0,4210,4210,308,308
CHS 273.0 x 6.3,273.0,273.0,6.3,41.4,52.8,4700,4700,344,344
CHS 273.0 x 7.1,273.0,273.0,7.1,46.6,59.3,5240,5240,384,384
CHS 273.0 x 8.0,273.0,273.0,8.0,52.3,66.6,5850,5850,429,429
CHS 273.0 x 10.0,273.0,273.0,10.0,64.9,82.6,7150,7150,524,524
CHS 273.0 x 11.0,273.0,273.0,11.0,71.1,90.5,7780,7780,570,570
CHS 273.0 x 12.5,273.0,273.0,12.5,80.3,102,8700,8700,637,637
CHS 273.0 x 14.2,273.0,273.0,14.2,90.6,115,9700,9700,710,710
CHS 273.0 x 16.0,273.0,273.0,16.0,101,129,10700,10700,784,784
CHS 323.9 x 5.0,323.9,323.9,5.0,39.3,50.1,6370,6370,393,393
CHS 323.9 x 5.6,323.9,323.9,5.6,44.0,56.0,7090,7090,438,438
CHS 323.9 x 6.3,323.9,323.9,6.3,49.3,62.9,7930,7930,490,490
CHS 323.9 x 7.1,323.9,323.9,7.1,55.5,70.7,8870,8870,548,548
CHS 323.9 x 8.0,323.9,323.9,8.0,62.3,79.4,9910,9910,612,612
CHS 323.9 x 10.0,323.9,323.9,10.0,77.4,98.6,12200,12200,751,751
CHS 323.9 x 11.0,323.9,323.9,11.0,84.9,108,13200,13200,818,818
CHS 323.9 x 12.5,323.9,323.9,12.5,96.0,122,14800,14800,917,917
CHS 323.9 x 14.2,323.9,323.9,14.2,108,138,16600,16600,1020,1020
CHS 323.9 x 16.0,323.9,323.9,16.0,121,155,18400,18400,1140,1140
CHS 355.6 x 6.3,355.6,355.6,6.3,54.3,69.1,10500,10500,593,593
CHS 355.6 x 7.1,355.6,355.6,7.1,61.0,77.7,11800,11800,664,664
CHS 355.6 x 8.0,355.6,355.6,8.0,68.6,87.4,13200,13200,742,742
CHS 355.6 x 10.0,355.6,355.6,10.0,85.2,109,16200,16200,912,912
CHS 355.6 x 11.0,355.6,355.6,11.0,93.5,119,17700,17700,995,995
CHS 355.6 x 12.5,355.6,355.6,12.5,106,135,19900,19900,1120,1120
CHS 355.6 x 14.2,355.6,355.6,14.2,120,152,22200,22200,1250,1250
CHS 355.6 x 16.0,355.6,355.6,16.0,134,171,24700,24700,1390,1390
CHS 406.4 x 10.0,406.4,406.4,10.0,97.8,125,24500,24500,1200,1200
CHS 406.4 x 11.0,406.4,406.4,11.0,107,137,26700,26700,1320,1320
CHS 406.4 x 12.5,406.4,406.4,12.5,121,155,30000,30000,1480,1480
CHS 406.4 x 14.2,406.4,406.4,14.2,137,175,33700,33700,1660,1660
CHS 406.4 x 16.0,406.4,406.4,16.0,154,196,37400,37400,1840,1840
CHS 457.0 x 10.0,457.0,457.0,10.0,110,140,35100,35100,1540,1540
CHS 457.0 x 11.0,457.0,457.0,11.0,121,154,38300,38300,1680,1680
CHS 457.0 x 12.5,457.0,457.0,12.5,137,175,43100,43100,1890,1890
CHS 457.0 x 14.2,457.0,457.0,14.2,155,198,48500,48500,2120,2120
CHS 457.0 x 16.0,457.0,457.0,16.0,174,222,54000,54000,2360,2360
CHS 508.0 x 10.0,508.0,508.0,10.0,123,156,48500,48500,1910,1910
CHS 508.0 x 11.0,508.0,508.0,11.0,135,172,53100,53100,2090,2090
CHS 508.0 x 12.5,508.0,508.0,12.5,153,195,59800,59800,2350,2350
CHS 508.0 x 14.2,508.0,508.0,14.2,173,220,67200,67200,2650,2650
CHS 508.0 x 16.0,508.0,508.0,16.0,194,247,74900,74900,2950,2950